Forecast_Day,Start_Datetime,End_Datetime,Average_Forecast_MW,Minimum_Forecast_MW,Maximum_Forecast_MW
1,2018-08-03 01:00:00,2018-08-04,5687.38,4525.88,6500.61
2,2018-08-04 01:00:00,2018-08-05,5207.63,4207.11,5984.55
3,2018-08-05 01:00:00,2018-08-06,5018.43,4001.44,5905.51
4,2018-08-06 01:00:00,2018-08-07,5587.14,4185.14,6603.39
5,2018-08-07 01:00:00,2018-08-08,5655.43,4349.85,6604.18
6,2018-08-08 01:00:00,2018-08-09,5648.8,4397.06,6588.6
7,2018-08-09 01:00:00,2018-08-10,5615.7,4367.96,6530.01
8,2018-08-10 01:00:00,2018-08-11,5511.84,4352.69,6321.69
9,2018-08-11 01:00:00,2018-08-12,5015.45,4127.2,5630.55
10,2018-08-12 01:00:00,2018-08-13,4828.87,3917.64,5568.01
11,2018-08-13 01:00:00,2018-08-14,5353.72,4093.86,6208.47
12,2018-08-14 01:00:00,2018-08-15,5481.14,4246.14,6379.08
13,2018-08-15 01:00:00,2018-08-16,5552.79,4289.25,6444.77
14,2018-08-16 01:00:00,2018-08-17,5576.31,4336.49,6445.33
15,2018-08-17 01:00:00,2018-08-18,5499.16,4330.19,6296.62
16,2018-08-18 01:00:00,2018-08-19,5073.01,4108.13,5778.66
17,2018-08-19 01:00:00,2018-08-20,4865.77,3920.73,5601.75
18,2018-08-20 01:00:00,2018-08-21,5305.76,4083.78,6142.54
19,2018-08-21 01:00:00,2018-08-22,5358.55,4234.02,6108.37
20,2018-08-22 01:00:00,2018-08-23,5337.64,4240.88,6053.63
21,2018-08-23 01:00:00,2018-08-24,5275.35,4232.88,5884.61
22,2018-08-24 01:00:00,2018-08-25,5166.5,4176.45,5674.35
23,2018-08-25 01:00:00,2018-08-26,4810.34,3994.32,5337.61
24,2018-08-26 01:00:00,2018-08-27,4662.36,3809.28,5311.64
25,2018-08-27 01:00:00,2018-08-28,5161.46,4034.54,5907.32
26,2018-08-28 01:00:00,2018-08-29,5235.73,4180.94,5909.43
27,2018-08-29 01:00:00,2018-08-30,5233.85,4234.03,5867.93
28,2018-08-30 01:00:00,2018-08-31,5203.93,4248.73,5799.62
29,2018-08-31 01:00:00,2018-09-01,5120.29,4223.38,5579.93
30,2018-09-01 01:00:00,2018-09-02,4754.48,4035.26,5227.42
